{
  "train_score": 0.8951087787185683,
  "test_mse": 2856481040.1420026,
  "test_r2": 0.8909809018975913,
  "train_samples": 400,
  "test_samples": 100,
  "timestamp": "2026-04-16T16:41:44.166588"
}